train_acc,val_acc,train_f1,val_f1
0.38085692632709583,0.3796065438754118,0.08923630663001805,0.0890884359912552
