train_acc,val_acc,train_f1,val_f1
0.6804175576519913,0.6598107470425276,0.47569307726291166,0.4565187667430023
